observation_ID,frequency,width,amplitude
1050360104_0,2.562282895,0.230605,0.00205078
1050360104_1,2.506290149,0.240978,0.00337472
1050360104_11,2.648626213,0.238384,0.00271215
1050360104_11,3.648626213,0.338384,0.00371215
1050360104_11,3.02,0.308384,0.0041215
1050360104_1,2.1,0.210978,0.002437472